{
	"class_name" : "PinholeCameraParameters",
	"extrinsic" : 
	[
		0.03830530314687066,
		0.71630752646496187,
		-0.69673253927204692,
		0.0,
		0.99521740678435067,
		0.035353875443706349,
		0.091062707649965755,
		0.0,
		0.089861098280950111,
		-0.69688853557850916,
		-0.71152747803228411,
		0.0,
		-1.7077311530331611,
		2.4238702944384514,
		36.93640013222798,
		1.0
	],
	"intrinsic" : 
	{
		"height" : 1016,
		"intrinsic_matrix" : 
		[
			879.88181024498977,
			0.0,
			0.0,
			0.0,
			879.88181024498977,
			0.0,
			959.5,
			507.5,
			1.0
		],
		"width" : 1920
	},
	"version_major" : 1,
	"version_minor" : 0
}